ids	clustering_labels
0	5
1	2
2	3
3	5
4	4
5	1
6	5
7	1
8	2
9	2
10	1
11	1
12	2
13	3
14	2
15	2
16	5
17	4
18	1
19	4
20	3
21	3
22	1
23	4
24	1
25	1
26	5
27	3
28	3
29	1
30	2
31	2
32	1
33	1
34	3
35	1
36	2
37	1
38	2
39	5
40	1
41	3
42	5
43	2
44	1
45	1
46	1
47	1
48	5
49	4
50	1
51	4
52	1
53	1
54	2
55	5
56	4
57	2
58	1
59	2
60	5
61	3
62	2
63	1
64	2
65	5
66	5
67	2
68	1
69	5
70	1
71	3
72	2
73	4
74	4
75	3
76	4
77	5
78	4
79	1
80	4
81	2
82	1
83	3
84	5
85	4
86	2
87	3
88	5
89	3
90	3
91	4
92	1
93	1
94	4
95	3
96	4
97	5
98	4
99	1
100	5
101	4
102	1
103	5
104	5
105	2
106	4
107	4
108	2
109	5
110	5
111	3
112	4
113	3
114	3
115	3
116	5
117	1
118	4
119	1
120	2
121	5
122	2
123	3
124	4
125	5
126	3
127	5
128	2
129	5
130	1
131	1
132	3
133	5
134	1
135	1
136	2
137	5
138	1
139	1
140	2
141	1
142	3
143	1
144	3
145	1
146	3
147	1
148	5
149	2
150	3
151	4
152	3
153	2
154	2
155	4
156	5
157	1
158	4
159	2
160	1
161	2
162	4
163	2
164	5
165	3
166	2
167	1
168	4
169	4
170	5
171	1
172	2
173	3
174	4
175	4
176	2
177	2
178	3
179	5
180	2
181	5
182	2
183	1
184	3
185	3
186	4
187	1
188	3
189	3
190	4
191	3
192	4
193	1
194	1
195	2
196	4
197	1
198	1
199	3
200	2
201	4
202	5
203	1
204	1
205	2
206	2
207	1
208	2
209	5
210	1
211	2
212	2
213	3
214	2
215	1
216	2
217	1
218	4
219	4
220	4
221	3
222	2
223	3
224	5
225	5
226	1
227	5
228	4
229	3
230	1
231	1
232	2
233	4
234	4
235	2
236	2
237	3
238	3
239	2
240	3
241	4
242	5
243	4
244	3
245	4
246	1
247	1
248	2
249	3
250	5
251	1
252	5
253	4
254	4
255	3
256	1
257	1
258	5
259	1
260	1
261	2
262	2
263	1
264	1
265	3
266	4
267	2
268	1
269	5
270	1
271	2
272	5
273	5
274	5
275	4
276	1
277	3
278	3
279	3
280	1
281	1
282	1
283	1
284	5
285	1
286	3
287	2
288	4
289	3
290	5
291	3
292	2
293	2
294	2
295	2
296	1
297	1
298	3
299	5
300	4
301	1
302	5
303	3
304	3
305	2
306	1
307	5
308	5
309	4
310	4
311	5
312	5
313	5
314	5
315	4
316	3
317	2
318	3
319	2
320	1
321	1
322	2
323	4
324	4
325	1
326	3
327	4
328	1
329	5
330	3
331	2
332	2
333	3
334	4
335	4
336	5
337	2
338	4
339	3
340	1
341	3
342	2
343	3
344	1
345	1
346	5
347	4
348	3
349	4
350	3
351	4
352	1
353	5
354	3
355	2
356	1
357	2
358	1
359	2
360	3
361	3
362	2
363	5
364	4
365	5
366	2
367	3
368	2
369	3
370	2
371	4
372	1
373	2
374	4
375	2
376	3
377	3
378	5
379	5
380	4
381	2
382	1
383	3
384	2
385	2
386	4
387	1
388	5
389	5
390	3
391	4
392	2
393	2
394	5
395	5
396	5
397	3
398	1
399	2
400	2
401	4
402	5
403	4
404	4
405	1
406	4
407	3
408	5
409	4
410	5
411	3
412	3
413	3
414	3
415	2
416	4
417	4
418	3
419	1
420	5
421	2
422	1
423	3
424	4
425	1
426	1
427	2
428	4
429	5
430	5
431	5
432	1
433	3
434	5
435	4
436	3
437	5
438	5
439	1
440	5
441	5
442	5
443	2
444	4
445	2
446	1
447	3
448	1
449	4
450	1
451	5
452	1
453	1
454	4
455	4
456	2
457	4
458	1
459	2
460	1
461	4
462	3
463	2
464	4
465	2
466	3
467	2
468	4
469	3
470	2
471	2
472	1
473	3
474	4
475	5
476	4
477	5
478	4
479	1
480	3
481	4
482	4
483	4
484	2
485	3
486	5
487	2
488	1
489	3
490	2
491	3
492	5
493	3
494	5
495	5
496	2
497	1
498	2
499	3
500	4
501	5
502	2
503	3
504	4
505	2
506	2
507	5
508	4
509	4
510	1
511	5
512	1
513	1
514	4
515	4
516	5
517	1
518	5
519	2
520	1
521	1
522	4
523	4
524	2
525	3
526	5
527	1
528	4
529	1
530	5
531	1
532	4
533	5
534	5
535	2
536	1
537	3
538	2
539	5
540	4
541	4
542	3
543	5
544	4
545	4
546	1
547	4
548	4
549	1
550	4
551	3
552	1
553	3
554	3
555	5
556	4
557	2
558	1
559	5
560	4
561	1
562	2
563	1
564	5
565	1
566	1
567	4
568	4
569	5
570	1
571	2
572	3
573	5
574	3
575	2
576	5
577	1
578	2
579	5
580	4
581	1
582	2
583	3
584	3
585	3
586	2
587	5
588	2
589	1
590	5
591	2
592	3
593	2
594	2
595	3
596	4
597	5
598	2
599	1
600	5
601	4
602	2
603	3
604	5
605	1
606	3
607	2
608	3
609	5
610	5
611	2
612	4
613	4
614	3
615	2
616	5
617	5
618	5
619	5
620	1
621	5
622	1
623	2
624	5
625	5
626	2
627	3
628	2
629	2
630	2
631	5
632	1
633	4
634	3
635	5
636	5
637	3
638	2
639	1
640	1
641	1
642	3
643	5
644	1
645	1
646	3
647	1
648	1
649	1
650	2
651	5
652	4
653	4
654	3
655	2
656	1
657	1
658	5
659	5
660	2
661	2
662	4
663	4
664	2
665	2
666	4
667	3
668	4
669	5
670	3
671	4
672	3
673	5
674	4
675	4
676	1
677	2
678	3
679	4
680	3
681	5
682	4
683	5
684	2
685	2
686	3
687	1
688	4
689	4
690	2
691	1
692	4
693	5
694	3
695	1
696	4
697	1
698	5
699	2
700	2
701	5
702	1
703	4
704	1
705	4
706	5
707	4
708	4
709	2
710	4
711	3
712	3
713	4
714	1
715	2
716	5
717	2
718	2
719	1
720	1
721	1
722	2
723	3
724	4
725	3
726	5
727	3
728	1
729	3
730	4
731	4
732	2
733	3
734	3
735	5
736	3
737	1
738	5
739	4
740	4
741	3
742	5
743	1
744	3
745	1
746	2
747	4
748	3
749	5
750	5
751	3
752	1
753	2
754	4
755	1
756	4
757	1
758	3
759	1
760	2
761	2
762	5
763	2
764	3
765	2
766	3
767	4
768	2
769	3
770	5
771	3
772	3
773	4
774	1
775	5
776	4
777	5
778	2
779	4
780	4
781	3
782	4
783	4
784	2
785	2
786	3
787	1
788	5
789	5
790	2
791	2
792	1
793	1
794	3
795	5
796	1
797	3
798	1
799	1
800	1
801	3
802	5
803	4
804	2
805	4
806	5
807	4
808	4
809	2
810	5
811	1
812	3
813	2
814	4
815	3
816	1
817	4
818	2
819	2
820	3
821	4
822	2
823	1
824	5
825	1
826	1
827	5
828	3
829	5
830	5
831	1
832	3
833	4
834	3
835	5
836	4
837	1
838	5
839	2
840	1
841	4
842	3
843	3
844	5
845	2
846	3
847	3
848	2
849	3
850	1
851	3
852	2
853	5
854	3
855	2
856	4
857	4
858	3
859	4
860	3
861	5
862	4
863	4
864	2
865	2
866	1
867	2
868	4
869	1
870	2
871	4
872	1
873	1
874	4
875	1
876	4
877	5
878	2
879	5
880	5
881	5
882	2
883	2
884	5
885	2
886	3
887	3
888	4
889	2
890	5
891	1
892	2
893	3
894	5
895	5
896	2
897	5
898	4
899	4
900	4
901	5
902	5
903	2
904	5
905	1
906	1
907	3
908	1
909	3
910	2
911	5
912	2
913	2
914	2
915	4
916	3
917	1
918	5
919	4
920	3
921	3
922	2
923	5
924	2
925	2
926	1
927	1
928	2
929	5
930	5
931	3
932	3
933	2
934	3
935	2
936	5
937	2
938	2
939	3
940	4
941	5
942	5
943	3
944	5
945	3
946	4
947	3
948	5
949	4
950	3
951	5
952	3
953	3
954	5
955	5
956	1
957	3
958	5
959	3
960	4
961	3
962	3
963	5
964	5
965	5
966	3
967	5
968	5
969	2
970	1
971	3
972	4
973	5
974	5
975	1
976	2
977	5
978	4
979	5
980	4
981	5
982	2
983	5
984	3
985	3
986	2
987	3
988	1
989	5
990	5
991	3
992	5
993	3
994	2
995	4
996	1
997	3
998	3
999	4
1000	1
1001	5
1002	4
1003	1
1004	5
1005	3
1006	1
1007	1
1008	5
1009	2
1010	2
1011	1
1012	1
1013	5
1014	1
1015	4
1016	3
1017	2
1018	4
1019	5
1020	1
1021	2
1022	2
1023	5
1024	4
1025	4
1026	3
1027	1
1028	3
1029	3
1030	4
1031	4
1032	5
1033	4
1034	4
1035	4
1036	5
1037	2
1038	5
1039	5
1040	4
1041	4
1042	4
1043	3
1044	5
1045	4
1046	4
1047	1
1048	4
1049	1
1050	2
1051	2
1052	5
1053	1
1054	5
1055	3
1056	3
1057	1
1058	4
1059	2
1060	1
1061	1
1062	2
1063	1
1064	5
1065	5
1066	4
1067	4
1068	4
1069	1
1070	4
1071	5
1072	5
1073	2
1074	3
1075	4
1076	1
1077	5
1078	2
1079	5
1080	5
1081	2
1082	1
1083	4
1084	2
1085	3
1086	4
1087	5
1088	2
1089	2
1090	4
1091	2
1092	3
1093	4
1094	3
1095	3
1096	5
1097	5
1098	5
1099	2
1100	5
1101	5
1102	4
1103	1
1104	4
1105	3
1106	1
1107	5
1108	3
1109	5
1110	5
1111	1
1112	3
1113	1
1114	1
1115	3
1116	3
1117	4
1118	5
1119	4
1120	3
1121	3
1122	2
1123	5
1124	4
1125	4
1126	2
1127	1
1128	1
1129	2
1130	3
1131	4
1132	5
1133	5
1134	2
1135	2
1136	1
1137	4
1138	4
1139	2
1140	3
1141	1
1142	4
1143	5
1144	5
1145	4
1146	5
1147	4
1148	3
1149	3
1150	5
1151	4
1152	2
1153	2
1154	4
1155	4
1156	1
1157	4
1158	5
1159	3
1160	1
1161	2
1162	4
1163	1
1164	1
1165	5
1166	3
1167	1
1168	2
1169	2
1170	5
1171	3
1172	1
1173	1
1174	2
1175	4
1176	5
1177	1
1178	1
1179	1
1180	5
1181	4
1182	1
1183	4
1184	5
1185	4
1186	4
1187	1
1188	4
1189	2
1190	4
1191	5
1192	4
1193	5
1194	3
1195	4
1196	3
1197	3
1198	5
1199	5
1200	3
1201	5
1202	4
1203	5
1204	5
1205	5
1206	1
1207	1
1208	5
1209	3
1210	5
1211	1
1212	3
1213	3
1214	2
1215	2
1216	1
1217	5
1218	1
1219	3
1220	4
1221	2
1222	2
1223	1
1224	1
1225	1
1226	1
1227	2
1228	5
1229	3
1230	2
1231	2
1232	4
1233	5
1234	4
1235	1
1236	2
1237	3
1238	2
1239	2
1240	3
1241	4
1242	5
1243	3
1244	1
1245	3
1246	3
1247	3
1248	2
1249	2
1250	4
1251	2
1252	5
1253	1
1254	4
1255	5
1256	5
1257	2
1258	3
1259	2
1260	4
1261	3
1262	5
1263	2
1264	3
1265	5
1266	4
1267	4
1268	4
1269	4
1270	5
1271	2
1272	3
1273	1
1274	2
1275	1
1276	3
1277	5
1278	4
1279	4
1280	1
1281	1
1282	2
1283	4
1284	4
1285	2
1286	5
1287	4
1288	4
1289	4
1290	5
1291	1
1292	5
1293	1
1294	3
1295	1
1296	5
1297	5
1298	5
1299	3
1300	5
1301	3
1302	2
1303	1
1304	2
1305	1
1306	5
1307	3
1308	5
1309	4
1310	2
1311	1
1312	2
1313	3
1314	2
1315	2
1316	4
1317	5
1318	5
1319	1
1320	2
1321	3
1322	2
1323	3
1324	5
1325	4
1326	4
1327	1
1328	1
1329	3
1330	3
1331	1
1332	1
1333	1
1334	4
1335	1
1336	2
1337	1
1338	5
1339	3
1340	1
1341	1
1342	4
1343	5
1344	4
1345	4
1346	1
1347	4
1348	1
1349	5
1350	5
1351	4
1352	5
1353	2
1354	2
1355	3
1356	2
1357	3
1358	3
1359	1
1360	4
1361	1
1362	4
1363	1
1364	1
1365	1
1366	4
1367	4
1368	1
1369	3
1370	1
1371	3
1372	4
1373	3
1374	1
1375	2
1376	5
1377	3
1378	4
1379	5
1380	2
1381	2
1382	3
1383	4
1384	5
1385	1
1386	2
1387	1
1388	4
1389	4
1390	2
1391	3
1392	4
1393	4
1394	1
1395	3
1396	3
1397	2
1398	4
1399	3
1400	4
1401	2
1402	1
1403	1
1404	3
1405	2
1406	1
1407	5
1408	3
1409	1
1410	3
1411	1
1412	3
1413	1
1414	2
1415	3
1416	3
1417	5
1418	2
1419	5
1420	5
1421	5
1422	1
1423	4
1424	3
1425	2
1426	4
1427	3
1428	2
1429	3
1430	3
1431	3
1432	5
1433	2
1434	1
1435	2
1436	2
1437	2
1438	4
1439	3
1440	2
1441	2
1442	5
1443	2
1444	4
1445	5
1446	4
1447	1
1448	2
1449	5
1450	3
1451	5
1452	2
1453	3
1454	3
1455	4
1456	3
1457	4
1458	2
1459	5
1460	1
1461	1
1462	3
1463	2
1464	3
1465	5
1466	2
1467	4
1468	3
1469	3
1470	4
1471	2
1472	1
1473	4
1474	1
1475	3
1476	2
1477	1
1478	2
1479	5
1480	5
1481	3
1482	2
1483	4
1484	5
1485	5
1486	3
1487	3
1488	1
1489	5
1490	1
1491	2
1492	1
1493	3
1494	1
1495	2
1496	3
1497	5
1498	1
1499	1
1500	3
1501	1
1502	3
1503	5
1504	2
1505	4
1506	2
1507	4
1508	3
1509	2
1510	5
1511	4
1512	2
1513	5
1514	2
1515	1
1516	3
1517	4
1518	1
1519	1
1520	4
1521	2
1522	4
1523	3
1524	5
1525	4
1526	3
1527	5
1528	3
1529	2
1530	5
1531	4
1532	1
1533	5
1534	4
1535	1
1536	3
1537	1
1538	4
1539	5
1540	4
1541	4
1542	1
1543	2
1544	5
1545	2
1546	3
1547	5
1548	2
1549	3
1550	4
1551	2
1552	2
1553	5
1554	2
1555	3
1556	4
1557	3
1558	1
1559	1
1560	5
1561	3
1562	3
1563	2
1564	2
1565	2
1566	4
1567	5
1568	5
1569	3
1570	5
1571	2
1572	4
1573	5
1574	1
1575	4
1576	4
1577	1
1578	1
1579	2
1580	1
1581	2
1582	2
1583	4
1584	2
1585	1
1586	5
1587	4
1588	4
1589	1
1590	5
1591	2
1592	2
1593	3
1594	1
1595	4
1596	3
1597	1
1598	2
1599	4
1600	3
1601	4
1602	3
1603	4
1604	3
1605	2
1606	1
1607	5
1608	4
1609	3
1610	4
1611	4
1612	4
1613	1
1614	1
1615	1
1616	3
1617	5
1618	5
1619	5
1620	1
1621	2
1622	5
1623	4
1624	5
1625	4
1626	5
1627	5
1628	4
1629	4
1630	4
1631	2
1632	4
1633	2
1634	4
1635	3
1636	3
1637	5
1638	3
1639	3
1640	1
1641	4
1642	2
1643	4
1644	3
1645	1
1646	5
1647	3
1648	3
1649	2
1650	1
1651	5
1652	3
1653	2
1654	1
1655	4
1656	3
1657	2
1658	1
1659	4
1660	3
1661	5
1662	2
1663	3
1664	3
1665	1
1666	2
1667	5
1668	2
1669	4
1670	4
1671	1
1672	5
1673	3
1674	1
1675	1
1676	3
1677	2
1678	4
1679	4
1680	2
1681	3
1682	3
1683	3
1684	2
1685	2
1686	1
1687	1
1688	5
1689	3
1690	3
1691	4
1692	5
1693	5
1694	4
1695	2
1696	3
1697	2
1698	2
1699	2
1700	1
1701	1
1702	1
1703	2
1704	5
1705	5
1706	1
1707	1
1708	4
1709	3
1710	1
1711	4
1712	2
1713	4
1714	3
1715	4
1716	1
1717	3
1718	4
1719	3
1720	1
1721	4
1722	2
1723	4
1724	2
1725	1
1726	2
1727	4
1728	3
1729	1
1730	2
1731	3
1732	5
1733	4
1734	5
1735	4
1736	1
1737	3
1738	1
1739	1
1740	1
1741	4
1742	1
1743	5
1744	1
1745	1
1746	2
1747	2
1748	5
1749	2
1750	4
1751	3
1752	1
1753	3
1754	5
1755	2
1756	3
1757	1
1758	1
1759	2
1760	1
1761	2
1762	3
1763	1
1764	5
1765	5
1766	3
1767	2
1768	2
1769	3
1770	2
1771	4
1772	5
1773	3
1774	5
1775	3
1776	3
1777	3
1778	4
1779	4
1780	1
1781	2
1782	4
1783	5
1784	3
1785	3
1786	4
1787	5
1788	2
1789	2
1790	1
1791	5
1792	5
1793	5
1794	5
1795	1
1796	1
1797	3
1798	4
1799	1
1800	2
1801	4
1802	1
1803	5
1804	5
1805	4
1806	3
1807	3
1808	1
1809	4
1810	5
1811	1
1812	4
1813	5
1814	5
1815	4
1816	1
1817	3
1818	1
1819	4
1820	1
1821	4
1822	5
1823	2
1824	4
1825	1
1826	2
1827	2
1828	5
1829	1
1830	2
1831	5
1832	5
1833	3
1834	3
1835	5
1836	1
1837	2
1838	1
1839	1
1840	4
1841	1
1842	1
1843	5
1844	2
1845	5
1846	3
1847	4
1848	5
1849	5
1850	2
1851	5
1852	3
1853	1
1854	3
1855	1
1856	5
1857	4
1858	2
1859	4
1860	1
1861	1
1862	3
1863	4
1864	4
1865	4
1866	1
1867	1
1868	4
1869	1
1870	3
1871	5
1872	4
1873	1
1874	2
1875	4
1876	3
1877	5
1878	5
1879	5
1880	3
1881	1
1882	1
1883	1
1884	1
1885	1
1886	1
1887	2
1888	5
1889	2
1890	5
1891	5
1892	5
1893	4
1894	5
1895	2
1896	5
1897	2
1898	5
1899	3
1900	1
1901	5
1902	2
1903	2
1904	2
1905	2
1906	4
1907	1
1908	4
1909	1
1910	4
1911	5
1912	3
1913	2
1914	3
1915	5
1916	1
1917	2
1918	3
1919	5
1920	5
1921	2
1922	2
1923	4
1924	2
1925	4
1926	3
1927	5
1928	2
1929	1
1930	1
1931	1
1932	5
1933	4
1934	3
1935	2
1936	5
1937	4
1938	1
1939	4
1940	5
1941	4
1942	3
1943	4
1944	3
1945	3
1946	1
1947	3
1948	2
1949	1
1950	2
1951	3
1952	1
1953	4
1954	4
1955	2
1956	5
1957	4
1958	3
1959	3
1960	4
1961	2
1962	2
1963	2
1964	4
1965	1
1966	1
1967	3
1968	3
1969	2
1970	5
1971	5
1972	2
1973	5
1974	5
1975	4
1976	4
1977	3
1978	1
1979	2
1980	4
1981	4
1982	1
1983	5
1984	3
1985	3
1986	1
1987	3
1988	3
1989	1
1990	3
1991	3
1992	5
1993	1
1994	2
1995	5
1996	4
1997	5
1998	2
1999	4
2000	1
2001	4
2002	1
2003	5
2004	2
2005	1
2006	1
2007	3
2008	4
2009	3
2010	4
2011	5
2012	4
2013	2
2014	1
2015	3
2016	4
2017	3
2018	4
2019	2
2020	4
2021	1
2022	3
2023	3
2024	5
2025	3
2026	5
2027	4
2028	2
2029	3
2030	1
2031	2
2032	3
2033	5
2034	5
2035	5
2036	5
2037	3
2038	3
2039	1
2040	3
2041	1
2042	5
2043	2
2044	3
2045	2
2046	5
2047	2
2048	5
2049	2
2050	1
2051	5
2052	4
2053	2
2054	1
2055	2
2056	5
2057	3
2058	1
2059	1
2060	4
2061	3
2062	1
2063	3
2064	3
2065	5
2066	2
2067	5
2068	2
2069	1
2070	4
2071	5
2072	3
2073	4
2074	4
2075	4
2076	2
2077	4
2078	3
2079	3
2080	3
2081	3
2082	4
2083	1
2084	1
2085	2
2086	4
2087	5
2088	4
2089	2
2090	2
2091	3
2092	2
2093	1
2094	3
2095	2
2096	4
2097	3
2098	5
2099	2
2100	1
2101	3
2102	2
2103	3
2104	1
2105	5
2106	4
2107	5
2108	2
2109	1
2110	2
2111	3
2112	2
2113	1
2114	3
2115	5
2116	3
2117	4
2118	4
2119	3
2120	5
2121	4
2122	2
2123	1
2124	5
2125	5
2126	5
2127	5
2128	1
2129	4
2130	4
2131	4
2132	5
2133	3
2134	1
2135	3
2136	2
2137	1
2138	1
2139	1
2140	3
2141	2
2142	3
2143	4
2144	1
2145	4
2146	5
2147	4
2148	5
2149	1
2150	3
2151	5
2152	5
2153	2
2154	5
2155	1
2156	2
2157	4
2158	4
2159	3
2160	4
2161	2
2162	3
2163	3
2164	1
2165	3
2166	5
2167	2
2168	1
2169	4
2170	3
2171	1
2172	1
2173	2
2174	1
2175	4
2176	4
2177	4
2178	3
2179	4
2180	4
2181	1
2182	2
2183	5
2184	4
2185	2
2186	2
2187	4
2188	1
2189	2
2190	3
2191	4
2192	2
2193	4
2194	3
2195	2
2196	1
2197	3
2198	2
2199	2
2200	1
2201	4
2202	3
2203	4
2204	3
2205	3
2206	5
2207	3
2208	3
2209	5
2210	4
2211	5
2212	1
2213	5
2214	4
2215	4
2216	5
2217	1
2218	2
2219	4
2220	3
2221	3
2222	4
2223	5
2224	3
2225	3
2226	5
2227	3
2228	3
2229	1
2230	2
2231	5
2232	5
2233	1
2234	1
2235	5
2236	1
2237	5
2238	4
2239	2
2240	4
2241	2
2242	4
2243	1
2244	3
2245	5
2246	4
2247	4
2248	4
2249	4
2250	1
2251	2
2252	2
2253	3
2254	4
2255	1
2256	1
2257	5
2258	4
2259	1
2260	3
2261	4
2262	1
2263	5
2264	2
2265	1
2266	5
2267	2
2268	2
2269	3
2270	5
2271	2
2272	3
2273	1
2274	5
2275	3
2276	3
2277	5
2278	3
2279	4
2280	2
2281	3
2282	3
2283	1
2284	1
2285	5
2286	2
2287	2
2288	1
2289	5
2290	1
2291	3
2292	5
2293	4
2294	3
2295	4
2296	3
2297	2
2298	1
2299	3
2300	5
2301	1
2302	1
2303	4
2304	4
2305	4
2306	1
2307	2
2308	1
2309	5
2310	3
2311	3
2312	5
2313	2
2314	2
2315	3
2316	4
2317	4
2318	4
2319	4
2320	2
2321	2
2322	2
2323	2
2324	2
2325	4
2326	2
2327	5
2328	3
2329	1
2330	2
2331	2
2332	5
2333	1
2334	2
2335	1
2336	3
2337	2
2338	1
2339	4
2340	5
2341	5
2342	4
2343	2
2344	5
2345	1
2346	3
2347	1
2348	1
2349	5
2350	4
2351	3
2352	3
2353	3
2354	5
2355	4
2356	5
2357	1
2358	5
2359	2
2360	1
2361	2
2362	4
2363	2
2364	3
2365	5
2366	3
2367	2
2368	4
2369	4
2370	2
2371	4
2372	3
2373	1
2374	4
2375	3
2376	2
2377	3
2378	1
2379	5
2380	2
2381	2
2382	2
2383	2
2384	2
2385	3
2386	4
2387	2
2388	1
2389	1
2390	4
2391	1
2392	4
2393	5
2394	2
2395	4
2396	5
2397	2
2398	4
2399	2
2400	1
2401	5
2402	2
2403	2
2404	3
2405	2
2406	5
2407	1
2408	5
2409	1
2410	4
2411	3
2412	1
2413	2
2414	5
2415	4
2416	5
2417	5
2418	1
2419	2
2420	1
2421	5
2422	4
2423	4
2424	3
2425	5
2426	4
2427	4
2428	2
2429	2
2430	5
2431	1
2432	4
2433	3
2434	5
2435	2
2436	1
2437	4
2438	5
2439	4
2440	4
2441	2
2442	4
2443	5
2444	2
2445	2
2446	2
2447	1
2448	1
2449	5
2450	2
2451	1
2452	5
2453	5
2454	4
2455	1
2456	1
2457	2
2458	5
2459	2
2460	2
2461	2
2462	1
2463	1
2464	4
2465	1
2466	4
2467	4
2468	2
2469	4
2470	4
2471	3
2472	2
2473	2
2474	5
2475	2
2476	1
2477	1
2478	2
2479	2
2480	1
2481	2
2482	3
2483	2
2484	4
2485	3
2486	1
2487	4
2488	2
2489	2
2490	5
2491	1
2492	5
2493	2
2494	2
2495	3
2496	4
2497	3
2498	1
2499	3
2500	5
2501	5
2502	3
2503	1
2504	5
2505	2
2506	2
2507	1
2508	1
2509	5
2510	3
2511	2
2512	5
2513	2
2514	3
2515	5
2516	2
2517	1
2518	2
2519	1
2520	2
2521	2
2522	4
2523	5
2524	5
2525	3
2526	3
2527	1
2528	3
2529	4
2530	5
2531	5
2532	5
2533	1
2534	1
2535	5
2536	4
2537	1
2538	2
2539	4
2540	2
2541	1
2542	3
2543	4
2544	3
2545	3
2546	4
2547	2
2548	1
2549	5
2550	4
2551	5
2552	3
2553	4
2554	1
2555	5
2556	3
2557	2
2558	5
2559	1
2560	1
2561	5
2562	4
2563	2
2564	2
2565	5
2566	2
2567	5
2568	1
2569	3
2570	3
2571	5
2572	4
2573	3
2574	2
2575	2
2576	2
2577	3
2578	3
2579	2
2580	4
2581	5
2582	3
2583	3
2584	4
2585	1
2586	2
2587	5
2588	3
2589	1
2590	3
2591	3
2592	2
2593	5
2594	4
2595	5
2596	4
2597	4
2598	5
2599	4
2600	3
2601	1
2602	4
2603	3
2604	4
2605	4
2606	4
2607	3
2608	3
2609	3
2610	1
2611	4
2612	4
2613	5
2614	2
2615	2
2616	5
2617	4
2618	1
2619	2
2620	4
2621	1
2622	3
2623	5
2624	1
2625	2
2626	5
2627	2
2628	4
2629	5
2630	3
2631	5
2632	1
2633	3
2634	5
2635	4
2636	1
2637	2
2638	1
2639	4
2640	5
2641	2
2642	4
2643	5
2644	3
2645	4
2646	1
2647	2
2648	2
2649	2
2650	3
2651	1
2652	4
2653	1
2654	5
2655	1
2656	4
2657	3
2658	2
2659	5
2660	1
2661	2
2662	2
2663	3
2664	3
2665	5
2666	1
2667	2
2668	3
2669	1
2670	4
2671	1
2672	3
2673	1
2674	4
2675	5
2676	3
2677	3
2678	4
2679	1
2680	1
2681	3
2682	4
2683	1
2684	5
2685	1
2686	2
2687	1
2688	2
2689	4
2690	1
2691	4
2692	1
2693	5
2694	1
2695	1
2696	4
2697	2
2698	2
2699	1
2700	5
2701	1
2702	5
2703	1
2704	4
2705	2
2706	1
2707	5
2708	3
2709	4
2710	5
2711	4
2712	4
2713	5
2714	2
2715	4
2716	5
2717	1
2718	4
2719	2
2720	2
2721	3
2722	2
2723	5
2724	5
2725	5
2726	1
2727	2
2728	2
2729	5
2730	1
2731	1
2732	5
2733	1
2734	2
2735	3
2736	4
2737	2
2738	3
2739	3
2740	2
2741	3
2742	3
2743	3
2744	2
2745	1
2746	2
2747	2
2748	5
2749	5
2750	4
2751	5
2752	3
2753	4
2754	1
2755	2
2756	5
2757	1
2758	3
2759	1
2760	2
2761	2
2762	4
2763	5
2764	1
2765	1
2766	2
2767	5
2768	5
2769	3
2770	2
2771	2
2772	2
2773	1
2774	4
2775	4
2776	3
2777	5
2778	4
2779	5
2780	1
2781	1
2782	2
2783	4
2784	3
2785	1
2786	5
2787	2
2788	4
2789	3
2790	3
2791	3
2792	4
2793	3
2794	4
2795	4
2796	3
2797	2
2798	5
2799	2
2800	2
2801	3
2802	5
2803	5
2804	1
2805	2
2806	1
2807	4
2808	2
2809	1
2810	3
2811	1
2812	5
2813	5
2814	3
2815	3
2816	3
2817	1
2818	2
2819	2
2820	1
2821	4
2822	1
2823	1
2824	4
2825	5
2826	5
2827	2
2828	1
2829	3
2830	3
2831	5
2832	3
2833	4
2834	3
2835	3
2836	3
2837	4
2838	5
2839	2
2840	1
2841	1
2842	5
2843	1
2844	3
2845	3
2846	3
2847	1
2848	4
2849	1
2850	2
2851	5
2852	4
2853	2
2854	3
2855	5
2856	3
2857	1
2858	2
2859	1
2860	1
2861	1
2862	5
2863	2
2864	4
2865	1
2866	5
2867	2
2868	3
2869	3
2870	2
2871	1
2872	2
2873	1
2874	3
2875	3
2876	3
2877	1
2878	4
2879	5
2880	5
2881	3
2882	5
2883	2
2884	2
2885	1
2886	3
2887	3
2888	3
2889	2
2890	5
2891	2
2892	2
2893	1
2894	5
2895	5
2896	4
2897	3
2898	3
2899	2
2900	5
2901	2
2902	5
2903	5
2904	4
2905	1
2906	5
2907	2
2908	1
2909	2
2910	3
2911	1
2912	3
2913	3
2914	2
2915	4
2916	3
2917	5
2918	3
2919	2
2920	4
2921	4
2922	4
2923	5
2924	1
2925	5
2926	5
2927	1
2928	2
2929	4
2930	4
2931	2
2932	2
2933	4
2934	1
2935	2
2936	3
2937	4
2938	3
2939	1
2940	1
2941	1
2942	3
2943	4
2944	3
2945	2
2946	4
2947	4
2948	2
2949	5
2950	2
2951	2
2952	4
2953	1
2954	3
2955	5
2956	1
2957	5
2958	2
2959	5
2960	5
2961	1
2962	5
2963	3
2964	3
2965	1
2966	3
2967	1
2968	5
2969	2
2970	1
2971	3
2972	3
2973	5
2974	1
2975	5
2976	2
2977	4
2978	3
2979	3
2980	5
2981	3
2982	5
2983	4
2984	4
2985	1
2986	4
2987	5
2988	3
2989	5
2990	4
2991	1
2992	2
2993	5
2994	3
2995	3
2996	2
2997	3
2998	4
2999	2
3000	4
3001	1
3002	2
3003	1
3004	3
3005	2
3006	3
3007	4
3008	2
3009	3
3010	5
3011	4
3012	2
3013	4
3014	5
3015	1
3016	5
3017	4
3018	4
3019	5
3020	1
3021	2
3022	5
3023	1
3024	4
3025	5
3026	4
3027	5
3028	1
3029	5
3030	5
3031	4
3032	4
3033	3
3034	3
3035	2
3036	4
3037	2
3038	4
3039	3
3040	2
3041	1
3042	4
3043	2
3044	4
3045	4
3046	5
3047	3
3048	1
3049	3
3050	1
3051	1
3052	5
3053	2
3054	4
3055	2
3056	2
3057	2
3058	4
3059	1
3060	1
3061	2
3062	4
3063	4
3064	1
3065	4
3066	4
3067	2
3068	4
3069	3
3070	1
3071	3
3072	3
3073	4
3074	1
3075	2
3076	5
3077	3
3078	1
3079	1
3080	4
3081	2
3082	1
3083	2
3084	1
3085	2
3086	5
3087	3
3088	5
3089	1
3090	2
3091	4
3092	2
3093	3
3094	4
3095	2
3096	3
3097	5
3098	5
3099	2
3100	5
3101	4
3102	5
3103	4
3104	4
3105	4
3106	1
3107	1
3108	2
3109	3
3110	1
3111	4
3112	4
3113	2
3114	5
3115	4
3116	3
3117	5
3118	5
3119	5
3120	2
3121	5
3122	2
3123	5
3124	3
3125	2
3126	2
3127	4
3128	5
3129	2
3130	3
3131	2
3132	5
3133	3
3134	4
3135	4
3136	1
3137	3
3138	4
3139	3
3140	2
3141	3
3142	2
3143	2
3144	3
3145	2
3146	5
3147	5
3148	3
3149	5
3150	5
3151	1
3152	5
3153	5
3154	1
3155	4
3156	1
3157	4
3158	2
3159	4
3160	2
3161	5
3162	1
3163	5
3164	2
3165	4
3166	2
3167	1
3168	1
3169	2
3170	3
3171	4
3172	4
3173	5
3174	4
3175	1
3176	2
3177	5
3178	2
3179	1
3180	4
3181	2
3182	2
3183	1
3184	3
3185	2
3186	1
3187	5
3188	3
3189	4
3190	4
3191	1
3192	4
3193	3
3194	2
3195	3
3196	1
3197	2
3198	3
3199	3
3200	4
3201	4
3202	2
3203	1
3204	4
3205	5
3206	3
3207	3
3208	2
3209	2
3210	3
3211	4
3212	5
3213	2
3214	4
3215	1
3216	4
3217	2
3218	3
3219	5
3220	1
3221	4
3222	1
3223	2
3224	4
3225	1
3226	5
3227	1
3228	2
3229	5
3230	2
3231	2
3232	5
3233	4
3234	4
3235	1
3236	1
3237	2
3238	1
3239	3
3240	3
3241	5
3242	1
3243	5
3244	3
3245	4
3246	1
3247	5
3248	4
3249	2
3250	1
3251	1
3252	3
3253	1
3254	5
3255	2
3256	5
3257	3
3258	3
3259	3
3260	4
3261	2
3262	1
3263	2
3264	3
3265	1
3266	5
3267	5
3268	1
3269	5
3270	2
3271	3
3272	2
3273	4
3274	2
3275	1
3276	4
3277	3
3278	2
3279	1
3280	2
3281	2
3282	2
3283	2
3284	3
3285	2
3286	5
3287	4
3288	2
3289	3
3290	4
3291	2
3292	1
3293	4
3294	4
3295	5
3296	4
3297	1
3298	1
3299	4
3300	3
3301	3
3302	5
3303	3
3304	1
3305	2
3306	1
3307	5
3308	2
3309	3
3310	1
3311	3
3312	3
3313	1
3314	4
3315	5
3316	3
3317	3
3318	2
3319	2
3320	2
3321	5
3322	2
3323	5
3324	5
3325	5
3326	5
3327	4
3328	5
3329	3
3330	1
3331	5
3332	4
3333	4
3334	3
3335	5
3336	5
3337	5
3338	2
3339	1
3340	2
3341	4
3342	2
3343	1
3344	3
3345	1
3346	4
3347	4
3348	2
3349	1
3350	3
3351	5
3352	2
3353	5
3354	5
3355	3
3356	5
3357	2
3358	4
3359	4
3360	5
3361	5
3362	1
3363	2
3364	1
3365	5
3366	2
3367	2
3368	3
3369	5
3370	5
3371	4
3372	1
3373	5
3374	1
3375	2
3376	2
3377	2
3378	5
3379	2
3380	2
3381	1
3382	5
3383	3
3384	3
3385	2
3386	5
3387	3
3388	4
3389	2
3390	2
3391	4
3392	5
3393	5
3394	4
3395	3
3396	1
3397	1
3398	3
3399	2
3400	2
3401	3
3402	3
3403	3
3404	5
3405	2
3406	3
3407	4
3408	5
3409	5
3410	5
3411	2
3412	3
3413	1
3414	1
3415	4
3416	5
3417	1
3418	1
3419	5
3420	1
3421	3
3422	4
3423	5
3424	3
3425	5
3426	4
3427	4
3428	1
3429	2
3430	1
3431	5
3432	5
3433	1
3434	1
3435	1
3436	4
3437	2
3438	1
3439	2
3440	5
3441	3
3442	4
3443	5
3444	2
3445	2
3446	3
3447	1
3448	1
3449	5
3450	5
3451	3
3452	3
3453	5
3454	5
3455	2
3456	2
3457	5
3458	3
3459	4
3460	5
3461	1
3462	1
3463	2
3464	1
3465	4
3466	4
3467	3
3468	1
3469	2
3470	5
3471	1
3472	5
3473	2
3474	5
3475	5
3476	1
3477	2
3478	1
3479	2
3480	4
3481	2
3482	1
3483	2
3484	3
3485	4
3486	1
3487	1
3488	1
3489	5
3490	5
3491	2
3492	2
3493	1
3494	3
3495	2
3496	4
3497	2
3498	4
3499	1
3500	4
3501	4
3502	3
3503	3
3504	1
3505	3
3506	4
3507	1
3508	2
3509	2
3510	2
3511	2
3512	1
3513	4
3514	1
3515	3
3516	1
3517	3
3518	5
3519	2
3520	1
3521	4
3522	1
3523	5
3524	5
3525	2
3526	5
3527	1
3528	3
3529	2
3530	2
3531	3
3532	4
3533	2
3534	2
3535	5
3536	1
3537	5
3538	1
3539	1
3540	5
3541	4
3542	5
3543	3
3544	5
3545	3
3546	2
3547	2
3548	3
3549	1
3550	1
3551	4
3552	1
3553	3
3554	5
3555	2
3556	5
3557	1
3558	4
3559	1
3560	2
3561	1
3562	2
3563	2
3564	4
3565	5
3566	2
3567	1
3568	5
3569	1
3570	1
3571	1
3572	3
3573	1
3574	4
3575	5
3576	2
3577	4
3578	4
3579	4
3580	5
3581	4
3582	1
3583	4
3584	3
3585	4
3586	4
3587	1
3588	5
3589	4
3590	2
3591	1
3592	5
3593	2
3594	3
3595	1
3596	3
3597	2
3598	4
3599	1
3600	4
3601	5
3602	1
3603	4
3604	5
3605	1
3606	1
3607	2
3608	2
3609	3
3610	1
3611	1
3612	4
3613	5
3614	3
3615	4
3616	4
3617	2
3618	5
3619	5
3620	1
3621	3
3622	3
3623	1
3624	3
3625	5
3626	2
3627	3
3628	4
3629	4
3630	3
3631	3
3632	1
3633	3
3634	5
3635	3
3636	5
3637	2
3638	4
3639	2
3640	4
3641	5
3642	4
3643	5
3644	5
3645	5
3646	5
3647	5
3648	1
3649	5
3650	1
3651	4
3652	4
3653	3
3654	1
3655	4
3656	2
3657	4
3658	5
3659	1
3660	2
3661	2
3662	1
3663	4
3664	1
3665	1
3666	2
3667	5
3668	2
3669	3
3670	3
3671	4
3672	3
3673	1
3674	1
3675	4
3676	3
3677	5
3678	3
3679	5
3680	5
3681	5
3682	4
3683	1
3684	1
3685	4
3686	1
3687	5
3688	2
3689	3
3690	1
3691	2
3692	2
3693	4
3694	3
3695	3
3696	2
3697	4
3698	4
3699	2
3700	4
3701	2
3702	1
3703	2
3704	4
3705	2
3706	4
3707	4
3708	4
3709	3
3710	2
3711	3
3712	2
3713	1
3714	1
3715	4
3716	1
3717	1
3718	3
3719	4
3720	2
3721	5
3722	5
3723	4
3724	1
3725	4
3726	3
3727	5
3728	2
3729	3
3730	3
3731	2
3732	5
3733	2
3734	5
3735	1
3736	1
3737	2
3738	1
3739	4
3740	4
3741	2
3742	3
3743	1
3744	2
3745	2
3746	2
3747	4
3748	5
3749	1
3750	3
3751	2
3752	5
3753	3
3754	4
3755	5
3756	3
3757	4
3758	1
3759	1
3760	5
3761	5
3762	3
3763	4
3764	4
3765	3
3766	1
3767	1
3768	4
3769	1
3770	1
3771	4
3772	2
3773	4
3774	1
3775	5
3776	1
3777	5
3778	3
3779	5
3780	3
3781	4
3782	5
3783	4
3784	3
3785	3
3786	4
3787	2
3788	3
3789	1
3790	4
3791	3
3792	2
3793	5
3794	2
3795	3
3796	2
3797	1
3798	2
3799	2
3800	2
3801	4
3802	3
3803	2
3804	5
3805	5
3806	3
3807	5
3808	1
3809	4
3810	2
3811	5
3812	5
3813	3
3814	3
3815	3
3816	4
3817	2
3818	2
3819	3
3820	2
3821	2
3822	4
3823	3
3824	4
3825	1
3826	2
3827	5
3828	5
3829	4
3830	5
3831	4
3832	3
3833	1
3834	1
3835	3
3836	5
3837	2
3838	3
3839	5
3840	3
3841	3
3842	1
3843	3
3844	3
3845	3
3846	5
3847	2
3848	5
3849	1
3850	5
3851	4
3852	3
3853	1
3854	4
3855	4
3856	5
3857	1
3858	5
3859	3
3860	1
3861	2
3862	4
3863	3
3864	3
3865	1
3866	1
3867	4
3868	4
3869	3
3870	1
3871	5
3872	2
3873	5
3874	2
3875	3
3876	4
3877	1
3878	4
3879	3
3880	2
3881	4
3882	4
3883	5
3884	1
3885	2
3886	3
3887	1
3888	3
3889	3
3890	4
3891	2
3892	2
3893	5
3894	5
3895	2
3896	1
3897	2
3898	3
3899	5
3900	5
3901	2
3902	5
3903	2
3904	2
3905	1
3906	4
3907	2
3908	2
3909	5
3910	5
3911	4
3912	5
3913	1
3914	1
3915	1
3916	4
3917	4
3918	3
3919	4
3920	1
3921	1
3922	1
3923	5
3924	2
3925	5
3926	5
3927	1
3928	5
3929	1
3930	4
3931	5
3932	2
3933	2
3934	2
3935	5
3936	5
3937	2
3938	1
3939	5
3940	2
3941	2
3942	2
3943	4
3944	1
3945	3
3946	4
3947	1
3948	5
3949	4
3950	3
3951	4
3952	2
3953	4
3954	4
3955	5
3956	3
3957	5
3958	1
3959	2
3960	1
3961	4
3962	1
3963	1
3964	5
3965	4
3966	4
3967	1
3968	5
3969	5
3970	2
3971	5
3972	1
3973	2
3974	1
3975	2
3976	5
3977	5
3978	2
3979	1
3980	4
3981	2
3982	2
3983	4
3984	5
3985	5
3986	5
3987	1
3988	5
3989	2
3990	4
3991	1
3992	3
3993	2
3994	4
3995	3
3996	4
3997	5
3998	1
3999	3
4000	4
4001	3
4002	2
4003	5
4004	1
4005	5
4006	5
4007	2
4008	5
4009	4
4010	5
4011	5
4012	3
4013	5
4014	4
4015	2
4016	3
4017	3
4018	4
4019	4
4020	2
4021	1
4022	3
4023	1
4024	4
4025	1
4026	2
4027	2
4028	2
4029	5
4030	3
4031	2
4032	2
4033	1
4034	4
4035	5
4036	4
4037	5
4038	3
4039	2
4040	3
4041	3
4042	2
4043	1
4044	1
4045	4
4046	5
4047	2
4048	2
4049	1
4050	2
4051	2
4052	5
4053	2
4054	2
4055	4
4056	1
4057	5
4058	4
4059	1
4060	4
4061	4
4062	4
4063	1
4064	1
4065	2
4066	3
4067	2
4068	3
4069	5
4070	4
4071	4
4072	5
4073	5
4074	1
4075	5
4076	3
4077	1
4078	1
4079	4
4080	4
4081	2
4082	4
4083	4
4084	1
4085	1
4086	3
4087	3
4088	3
4089	1
4090	5
4091	5
4092	5
4093	1
4094	2
4095	2
4096	2
4097	1
4098	1
4099	3
4100	5
4101	5
4102	3
4103	2
4104	4
4105	4
4106	4
4107	5
4108	1
4109	3
4110	4
4111	4
4112	4
4113	3
4114	3
4115	3
4116	3
4117	2
4118	2
4119	1
4120	5
4121	2
4122	4
4123	4
4124	5
4125	4
4126	5
4127	4
4128	2
4129	4
4130	2
4131	4
4132	2
4133	4
4134	1
4135	5
4136	5
4137	3
4138	4
4139	1
4140	2
4141	5
4142	3
4143	2
4144	5
4145	1
4146	3
4147	2
4148	3
4149	1
4150	2
4151	3
4152	2
4153	4
4154	1
4155	4
4156	4
4157	4
4158	1
4159	3
4160	4
4161	3
4162	2
4163	2
4164	2
4165	5
4166	5
4167	2
4168	4
4169	4
4170	3
4171	4
4172	2
4173	4
4174	4
4175	3
4176	5
4177	4
4178	1
4179	3
4180	2
4181	1
4182	1
4183	5
4184	1
4185	5
4186	4
4187	4
4188	3
4189	4
4190	5
4191	5
4192	1
4193	4
4194	1
4195	1
4196	5
4197	3
4198	4
4199	2
4200	3
4201	3
4202	3
4203	4
4204	5
4205	1
4206	2
4207	2
4208	4
4209	5
4210	5
4211	3
4212	3
4213	4
4214	5
4215	4
4216	1
4217	5
4218	4
4219	5
4220	5
4221	4
4222	5
4223	5
4224	1
4225	2
4226	2
4227	5
4228	1
4229	4
4230	4
4231	3
4232	5
4233	2
4234	1
4235	1
4236	3
4237	4
4238	1
4239	1
4240	2
4241	4
4242	5
4243	3
4244	2
4245	2
4246	5
4247	4
4248	3
4249	5
4250	4
4251	4
4252	1
4253	3
4254	5
4255	4
4256	4
4257	2
4258	4
4259	3
4260	1
4261	2
4262	3
4263	4
4264	3
4265	3
4266	3
4267	1
4268	4
4269	5
4270	3
4271	1
4272	2
4273	3
4274	2
4275	4
4276	3
4277	4
4278	2
4279	2
4280	4
4281	4
4282	4
4283	2
4284	3
4285	1
4286	1
4287	1
4288	3
4289	3
4290	3
4291	3
4292	3
4293	2
4294	2
4295	1
4296	2
4297	3
4298	3
4299	1
4300	3
4301	3
4302	2
4303	3
4304	1
4305	4
4306	4
4307	4
4308	5
4309	3
4310	2
4311	4
4312	5
4313	2
4314	4
4315	5
4316	3
4317	1
4318	2
4319	2
4320	4
4321	5
4322	3
4323	3
4324	1
4325	1
4326	3
4327	2
4328	2
4329	3
4330	1
4331	5
4332	1
4333	5
4334	1
4335	3
4336	5
4337	3
4338	2
4339	3
4340	3
4341	5
4342	5
4343	3
4344	1
4345	4
4346	4
4347	4
4348	3
4349	4
4350	4
4351	2
4352	2
4353	5
4354	5
4355	5
4356	5
4357	5
4358	1
4359	4
4360	2
4361	3
4362	2
4363	4
4364	2
4365	3
4366	3
4367	2
4368	2
4369	5
4370	3
4371	3
4372	4
4373	2
4374	3
4375	1
4376	1
4377	4
4378	3
4379	2
4380	3
4381	3
4382	4
4383	3
4384	5
4385	5
4386	5
4387	2
4388	4
4389	3
4390	3
4391	1
4392	1
4393	5
4394	2
4395	3
4396	3
4397	5
4398	1
4399	5
4400	4
4401	1
4402	2
4403	5
4404	1
4405	3
4406	5
4407	2
4408	2
4409	1
4410	3
4411	3
4412	3
4413	5
4414	3
4415	2
4416	3
4417	5
4418	3
4419	2
4420	4
4421	1
4422	1
4423	4
4424	2
4425	3
4426	3
4427	3
4428	2
4429	4
4430	2
4431	1
4432	2
4433	2
4434	3
4435	2
4436	4
4437	2
4438	2
4439	1
4440	3
4441	1
4442	2
4443	4
4444	3
4445	4
4446	5
4447	5
4448	4
4449	5
4450	1
4451	5
4452	2
4453	5
4454	2
4455	2
4456	1
4457	3
4458	3
4459	4
4460	4
4461	5
4462	3
4463	2
4464	4
4465	1
4466	2
4467	2
4468	3
4469	4
4470	5
4471	4
4472	3
4473	3
4474	4
4475	2
4476	4
4477	3
4478	2
4479	3
4480	3
4481	4
4482	2
4483	4
4484	5
4485	4
4486	4
4487	3
4488	4
4489	4
4490	1
4491	2
4492	1
4493	3
4494	3
4495	2
4496	3
4497	5
4498	2
4499	3
4500	5
4501	4
4502	3
4503	1
4504	1
4505	4
4506	1
4507	2
4508	5
4509	5
4510	1
4511	3
4512	3
4513	2
4514	4
4515	5
4516	4
4517	4
4518	2
4519	5
4520	3
4521	1
4522	5
4523	1
4524	1
4525	1
4526	4
4527	3
4528	1
4529	4
4530	1
4531	1
4532	4
4533	5
4534	3
4535	5
4536	1
4537	1
4538	4
4539	2
4540	4
4541	3
4542	1
4543	2
4544	5
4545	3
4546	5
4547	5
4548	5
4549	5
4550	5
4551	2
4552	1
4553	2
4554	4
4555	4
4556	3
4557	1
4558	3
4559	5
4560	4
4561	4
4562	2
4563	3
4564	4
4565	1
4566	3
4567	4
4568	5
4569	2
4570	1
4571	5
4572	5
4573	1
4574	2
4575	2
4576	2
4577	4
4578	2
4579	4
4580	2
4581	2
4582	2
4583	3
4584	5
4585	2
4586	5
4587	3
4588	4
4589	4
4590	5
4591	1
4592	3
4593	3
4594	4
4595	4
4596	3
4597	5
4598	1
4599	4
4600	1
4601	3
4602	3
4603	1
4604	3
4605	2
4606	4
4607	3
4608	1
4609	3
4610	2
4611	5
4612	4
4613	3
4614	5
4615	1
4616	1
4617	5
4618	5
4619	1
4620	3
4621	1
4622	3
4623	3
4624	2
4625	3
4626	1
4627	2
4628	3
4629	3
4630	5
4631	2
4632	2
4633	1
4634	4
4635	1
4636	2
4637	4
4638	3
4639	5
4640	4
4641	4
4642	4
4643	3
4644	3
4645	1
4646	3
4647	1
4648	5
4649	2
4650	4
4651	1
4652	2
4653	1
4654	2
4655	1
4656	4
4657	3
4658	5
4659	4
4660	3
4661	4
4662	3
4663	3
4664	4
4665	4
4666	3
4667	5
4668	3
4669	5
4670	5
4671	1
4672	5
4673	4
4674	1
4675	3
4676	3
4677	2
4678	2
4679	4
4680	4
4681	1
4682	5
4683	5
4684	1
4685	2
4686	3
4687	1
4688	5
4689	1
4690	1
4691	5
4692	1
4693	2
4694	3
4695	1
4696	1
4697	1
4698	1
4699	4
4700	2
4701	5
4702	2
4703	5
4704	3
4705	3
4706	3
4707	3
4708	4
4709	3
4710	5
4711	4
4712	1
4713	4
4714	3
4715	4
4716	5
4717	2
4718	4
4719	3
4720	3
4721	1
4722	1
4723	5
4724	1
4725	1
4726	1
4727	1
4728	5
4729	2
4730	3
4731	4
4732	3
4733	3
4734	3
4735	5
4736	4
4737	1
4738	5
4739	5
4740	5
4741	3
4742	2
4743	5
4744	5
4745	2
4746	1
4747	1
4748	3
4749	5
4750	1
4751	4
4752	4
4753	5
4754	2
4755	5
4756	1
4757	5
4758	1
4759	4
4760	2
4761	5
4762	2
4763	3
4764	1
4765	3
4766	3
4767	5
4768	5
4769	3
4770	4
4771	1
4772	1
4773	3
4774	5
4775	2
4776	5
4777	1
4778	5
4779	1
4780	3
4781	4
4782	2
4783	3
4784	1
4785	2
4786	4
4787	4
4788	5
4789	4
4790	1
4791	5
4792	5
4793	5
4794	5
4795	3
4796	3
4797	3
4798	3
4799	1
4800	2
4801	5
4802	1
4803	4
4804	2
4805	5
4806	2
4807	4
4808	1
4809	5
4810	4
4811	1
4812	4
4813	5
4814	4
4815	3
4816	4
4817	3
4818	4
4819	4
4820	2
4821	3
4822	5
4823	1
4824	2
4825	5
4826	2
4827	4
4828	5
4829	5
4830	1
4831	5
4832	4
4833	3
4834	3
4835	4
4836	5
4837	5
4838	5
4839	3
4840	1
4841	5
4842	2
4843	3
4844	3
4845	3
4846	1
4847	2
4848	4
4849	2
4850	5
4851	5
4852	1
4853	5
4854	2
4855	1
4856	3
4857	5
4858	4
4859	5
4860	1
4861	3
4862	5
4863	4
4864	5
4865	4
4866	3
4867	5
4868	4
4869	1
4870	3
4871	5
4872	1
4873	4
4874	5
4875	3
4876	3
4877	3
4878	1
4879	3
4880	3
4881	4
4882	4
4883	1
4884	3
4885	1
4886	5
4887	5
4888	2
4889	1
4890	1
4891	2
4892	2
4893	2
4894	1
4895	5
4896	2
4897	2
4898	2
4899	1
4900	2
4901	3
4902	3
4903	2
4904	1
4905	4
4906	3
4907	3
4908	2
4909	3
4910	1
4911	5
4912	2
4913	2
4914	3
4915	1
4916	1
4917	5
4918	3
4919	5
4920	2
4921	4
4922	3
4923	2
4924	3
4925	3
4926	1
4927	2
4928	4
4929	2
4930	5
4931	3
4932	5
4933	3
4934	2
4935	4
4936	4
4937	3
4938	3
4939	5
4940	2
4941	3
4942	2
4943	5
4944	4
4945	2
4946	5
4947	2
4948	4
4949	5
4950	3
4951	4
4952	1
4953	2
4954	1
4955	2
4956	4
4957	4
4958	5
4959	5
4960	3
4961	5
4962	1
4963	1
4964	1
4965	1
4966	1
4967	1
4968	3
4969	5
4970	2
4971	5
4972	2
4973	2
4974	1
4975	1
4976	4
4977	5
4978	1
4979	3
4980	1
4981	2
4982	3
4983	4
4984	1
4985	2
4986	3
4987	2
4988	4
4989	2
4990	4
4991	1
4992	5
4993	1
4994	5
4995	4
4996	5
4997	1
4998	2
4999	3
5000	1
5001	5
5002	3
5003	4
5004	1
5005	1
5006	3
5007	4
5008	3
5009	2
5010	4
5011	4
5012	3
5013	3
5014	5
5015	5
5016	4
5017	5
5018	4
5019	2
5020	3
5021	2
5022	4
5023	5
5024	5
5025	5
5026	5
5027	4
5028	4
5029	2
5030	3
5031	2
5032	4
5033	4
5034	5
5035	1
5036	1
5037	2
5038	2
5039	2
5040	4
5041	1
5042	3
5043	4
5044	5
5045	3
5046	2
5047	2
5048	3
5049	2
5050	1
5051	5
5052	5
5053	1
5054	4
5055	5
5056	4
5057	3
5058	5
5059	1
5060	1
5061	1
5062	2
5063	5
5064	2
5065	4
5066	1
5067	1
5068	4
5069	5
5070	2
5071	1
5072	2
5073	5
5074	3
5075	4
5076	2
5077	5
5078	4
5079	4
5080	4
5081	2
5082	4
5083	5
5084	5
5085	1
5086	5
5087	3
5088	5
5089	3
5090	1
5091	3
5092	2
5093	2
5094	3
5095	4
5096	1
5097	3
5098	2
5099	2
5100	5
5101	1
5102	4
5103	3
5104	1
5105	2
5106	3
5107	1
5108	4
5109	4
5110	2
5111	1
5112	4
5113	1
5114	1
5115	2
5116	4
5117	3
5118	4
5119	1
5120	2
5121	3
5122	5
5123	1
5124	1
5125	4
5126	2
5127	1
5128	3
5129	3
5130	1
5131	5
5132	5
5133	2
5134	3
5135	2
5136	5
5137	1
5138	3
5139	4
5140	5
5141	2
5142	3
5143	5
5144	3
5145	2
5146	5
5147	5
5148	1
5149	3
5150	2
5151	4
5152	4
5153	3
5154	3
5155	2
5156	2
5157	5
5158	5
5159	3
5160	3
5161	4
5162	3
5163	4
5164	3
5165	5
5166	5
5167	4
5168	1
5169	5
5170	5
5171	2
5172	2
5173	1
5174	4
5175	1
5176	1
5177	5
5178	5
5179	2
5180	4
5181	1
5182	2
5183	5
5184	3
5185	5
5186	3
5187	1
5188	4
5189	3
5190	5
5191	2
5192	3
5193	2
5194	3
5195	4
5196	3
5197	1
5198	1
5199	4
5200	2
5201	3
5202	5
5203	3
5204	5
5205	5
5206	2
5207	3
5208	1
5209	4
5210	4
5211	1
5212	3
5213	2
5214	3
5215	2
5216	4
5217	4
5218	4
5219	4
5220	3
5221	3
5222	3
5223	1
5224	2
5225	1
5226	5
5227	3
5228	2
5229	1
5230	1
5231	5
5232	4
5233	1
5234	1
5235	5
5236	4
5237	3
5238	5
5239	1
5240	3
5241	1
5242	2
5243	4
5244	1
5245	2
5246	4
5247	5
5248	2
5249	2
5250	5
5251	3
5252	1
5253	1
5254	3
5255	4
5256	4
5257	4
5258	5
5259	2
5260	1
5261	5
5262	2
5263	4
5264	4
5265	2
5266	2
5267	4
5268	5
5269	3
5270	3
5271	1
5272	3
5273	5
5274	1
5275	2
5276	2
5277	2
5278	1
5279	1
5280	5
5281	1
5282	5
5283	1
5284	5
5285	4
5286	5
5287	2
5288	4
5289	3
5290	5
5291	3
5292	4
5293	5
5294	4
5295	5
5296	5
5297	3
5298	2
5299	2
5300	4
5301	1
5302	5
5303	5
5304	5
5305	4
5306	5
5307	3
5308	5
5309	4
5310	1
5311	3
5312	1
5313	2
5314	5
5315	5
5316	2
5317	4
5318	2
5319	4
5320	4
5321	1
5322	1
5323	4
5324	4
5325	2
5326	4
5327	2
5328	4
5329	1
5330	1
5331	4
5332	4
5333	4
5334	1
5335	3
5336	2
5337	4
5338	5
5339	1
5340	2
5341	2
5342	1
5343	4
5344	2
5345	4
5346	5
5347	2
5348	5
5349	5
5350	4
5351	5
5352	1
5353	2
5354	4
5355	2
5356	2
5357	3
5358	2
5359	1
5360	1
5361	1
5362	3
5363	5
5364	2
5365	3
5366	3
5367	3
5368	2
5369	5
5370	3
5371	5
5372	4
5373	5
5374	2
5375	3
5376	1
5377	4
5378	5
5379	2
5380	4
5381	4
5382	5
5383	3
5384	1
5385	4
5386	3
5387	3
5388	5
5389	3
5390	4
5391	1
5392	5
5393	4
5394	2
5395	5
5396	4
5397	2
5398	5
5399	3
5400	2
5401	5
5402	1
5403	5
5404	1
5405	3
5406	5
5407	5
5408	5
5409	2
5410	2
5411	3
5412	3
5413	3
5414	2
5415	4
5416	1
5417	1
5418	4
5419	4
5420	4
5421	5
5422	4
5423	5
5424	1
5425	1
5426	5
5427	2
5428	2
5429	2
5430	2
5431	3
5432	5
5433	3
5434	1
5435	2
5436	4
5437	4
5438	1
5439	1
5440	2
5441	2
5442	3
5443	3
5444	3
5445	2
5446	3
5447	4
5448	2
5449	1
5450	5
5451	3
5452	5
5453	2
5454	2
5455	5
5456	3
5457	3
5458	3
5459	1
5460	4
5461	2
5462	5
5463	4
5464	4
5465	2
5466	4
5467	5
5468	3
5469	4
5470	3
5471	1
5472	1
5473	5
5474	1
5475	4
5476	3
5477	1
5478	5
5479	1
5480	2
5481	5
5482	5
5483	3
5484	1
5485	2
5486	1
5487	5
5488	4
5489	2
5490	3
5491	1
5492	4
5493	2
5494	1
5495	4
5496	4
5497	3
5498	5
5499	5
5500	3
5501	1
5502	5
5503	1
5504	5
5505	4
5506	3
5507	1
5508	3
5509	4
5510	2
5511	3
5512	5
5513	5
5514	2
5515	1
5516	1
5517	1
5518	2
5519	5
5520	4
5521	4
5522	3
5523	5
5524	4
5525	3
5526	5
5527	3
5528	5
5529	3
5530	2
5531	4
5532	4
5533	4
5534	2
5535	3
5536	4
5537	2
5538	4
5539	4
5540	1
5541	4
5542	5
5543	3
5544	5
5545	2
5546	5
5547	4
5548	1
5549	5
5550	5
5551	2
5552	1
5553	4
5554	3
5555	2
5556	2
5557	3
5558	3
5559	2
5560	5
5561	5
5562	4
5563	3
5564	3
5565	2
5566	2
5567	5
5568	2
5569	1
5570	4
5571	5
5572	1
5573	4
5574	2
5575	4
5576	1
5577	4
5578	1
5579	4
5580	2
5581	2
5582	3
5583	1
5584	3
5585	5
5586	4
5587	2
5588	2
5589	1
5590	5
5591	4
5592	5
5593	2
5594	2
5595	3
5596	4
5597	5
5598	4
5599	5
5600	1
5601	3
5602	3
5603	3
5604	4
5605	3
5606	5
5607	4
5608	1
5609	1
5610	3
5611	2
5612	4
5613	3
5614	3
5615	4
5616	3
5617	3
5618	2
5619	4
5620	4
5621	1
5622	2
5623	5
5624	5
5625	5
5626	1
5627	1
5628	2
5629	1
5630	5
5631	2
5632	3
5633	5
5634	5
5635	5
5636	1
5637	3
5638	5
5639	4
5640	5
5641	1
5642	5
5643	1
5644	5
5645	4
5646	1
5647	2
5648	3
5649	2
5650	1
5651	2
5652	2
5653	2
5654	3
5655	2
5656	1
5657	1
5658	4
5659	4
5660	1
5661	4
5662	2
5663	5
5664	3
5665	2
5666	2
5667	2
5668	2
5669	3
5670	5
5671	3
5672	4
5673	4
5674	1
5675	5
5676	3
5677	4
5678	2
5679	3
5680	3
5681	4
5682	4
5683	3
5684	2
5685	2
5686	3
5687	1
5688	5
5689	4
5690	2
5691	3
5692	4
5693	4
5694	5
5695	3
5696	3
5697	1
5698	3
5699	2
5700	4
5701	3
5702	5
5703	3
5704	1
5705	4
5706	4
5707	2
5708	4
5709	4
5710	1
5711	1
5712	4
5713	3
5714	1
5715	2
5716	3
5717	1
5718	5
5719	3
5720	3
5721	5
5722	2
5723	3
5724	2
5725	3
5726	1
5727	4
5728	5
5729	4
5730	2
5731	5
5732	3
5733	1
5734	3
5735	3
5736	3
5737	4
5738	1
5739	5
5740	5
5741	4
5742	2
5743	3
5744	2
5745	2
5746	5
5747	3
5748	5
5749	2
5750	5
5751	2
5752	3
5753	1
5754	2
5755	1
5756	5
5757	3
5758	5
5759	1
5760	1
5761	4
5762	4
5763	4
5764	1
5765	4
5766	1
5767	5
5768	3
5769	5
5770	5
5771	5
5772	4
5773	4
5774	2
5775	3
5776	1
5777	2
5778	5
5779	2
5780	4
5781	5
5782	4
5783	3
5784	4
5785	1
5786	2
5787	2
5788	3
5789	3
5790	3
5791	1
5792	1
5793	1
5794	5
5795	4
5796	4
5797	5
5798	2
5799	3
5800	5
5801	1
5802	1
5803	1
5804	1
5805	5
5806	1
5807	4
5808	3
5809	1
5810	5
5811	4
5812	3
5813	5
5814	5
5815	3
5816	5
5817	1
5818	3
5819	3
5820	5
5821	1
5822	3
5823	4
5824	4
5825	5
5826	3
5827	4
5828	4
5829	2
5830	2
5831	5
5832	3
5833	2
5834	3
5835	4
5836	4
5837	1
5838	1
5839	3
5840	5
5841	4
5842	3
5843	2
5844	5
5845	5
5846	3
5847	1
5848	4
5849	3
5850	1
5851	1
5852	4
5853	2
5854	3
5855	3
5856	2
5857	4
5858	1
5859	5
5860	5
5861	4
5862	3
5863	1
5864	1
5865	3
5866	5
5867	2
5868	1
5869	2
5870	5
5871	4
5872	2
5873	5
5874	1
5875	4
5876	1
5877	5
5878	1
5879	5
5880	1
5881	4
5882	3
5883	4
5884	5
5885	2
5886	4
5887	1
5888	3
5889	4
5890	5
5891	2
5892	1
5893	4
5894	1
5895	1
5896	5
5897	4
5898	1
5899	2
5900	5
5901	1
5902	3
5903	1
5904	5
5905	2
5906	2
5907	1
5908	1
5909	5
5910	3
5911	5
5912	5
5913	4
5914	3
5915	4
5916	3
5917	1
5918	2
5919	3
5920	3
5921	3
5922	4
5923	3
5924	5
5925	1
5926	2
5927	4
5928	1
5929	5
5930	4
5931	2
5932	5
5933	3
5934	5
5935	1
5936	1
5937	3
5938	5
5939	1
5940	2
5941	5
5942	1
5943	1
5944	1
5945	1
5946	1
5947	1
5948	4
5949	3
5950	5
5951	5
5952	4
5953	4
5954	3
5955	2
5956	2
5957	2
5958	2
5959	1
5960	2
5961	1
5962	2
5963	4
5964	4
5965	3
5966	3
5967	1
5968	5
5969	2
5970	3
5971	3
5972	5
5973	1
5974	1
5975	3
5976	1
5977	1
5978	4
5979	4
5980	4
5981	2
5982	1
5983	3
5984	2
5985	2
5986	5
5987	3
5988	4
5989	5
5990	4
5991	5
5992	4
5993	1
5994	2
5995	5
5996	3
5997	5
5998	2
5999	5
6000	1
6001	2
6002	4
6003	2
6004	4
6005	4
6006	4
6007	4
6008	3
6009	1
6010	5
6011	4
6012	2
6013	5
6014	2
6015	5
6016	5
6017	3
6018	1
6019	2
6020	1
6021	5
6022	1
6023	3
6024	5
6025	5
6026	4
6027	1
6028	3
6029	5
6030	4
6031	2
6032	2
6033	1
6034	3
6035	3
6036	3
6037	2
6038	2
6039	4
6040	2
6041	5
6042	1
6043	5
6044	4
6045	3
6046	1
6047	2
6048	2
6049	3
6050	4
6051	5
6052	1
6053	2
6054	4
6055	1
6056	2
6057	2
6058	2
6059	1
6060	4
6061	1
6062	3
6063	4
6064	5
6065	3
6066	5
6067	2
6068	5
6069	5
6070	2
6071	1
6072	1
6073	5
6074	3
6075	1
6076	2
6077	3
6078	3
6079	4
6080	5
6081	3
6082	5
6083	3
6084	2
6085	4
6086	3
6087	5
6088	3
6089	5
6090	3
6091	5
6092	3
6093	1
6094	1
6095	3
6096	4
6097	5
6098	3
6099	1
6100	3
6101	4
6102	4
6103	5
6104	1
6105	2
6106	3
6107	4
6108	1
6109	2
6110	2
6111	5
6112	4
6113	3
6114	3
6115	3
6116	4
6117	1
6118	1
6119	4
6120	5
6121	5
6122	1
6123	3
6124	4
6125	4
6126	2
6127	4
6128	3
6129	2
6130	3
6131	1
6132	4
6133	3
6134	4
6135	4
6136	2
6137	3
6138	5
6139	5
6140	4
6141	2
6142	1
6143	4
6144	1
6145	2
6146	5
6147	2
6148	2
6149	4
6150	2
6151	3
6152	4
6153	3
6154	5
6155	1
6156	3
6157	5
6158	3
6159	4
6160	1
6161	2
6162	5
6163	4
6164	1
6165	4
6166	5
6167	3
6168	4
6169	2
6170	3
6171	5
6172	3
6173	5
6174	4
6175	5
6176	1
6177	4
6178	4
6179	4
6180	3
6181	5
6182	2
6183	5
6184	3
6185	3
6186	5
6187	5
6188	3
6189	2
6190	4
6191	4
6192	4
6193	2
6194	5
6195	3
6196	2
6197	5
6198	4
6199	2
6200	3
6201	5
6202	3
6203	2
6204	3
6205	1
6206	5
6207	5
6208	1
6209	2
6210	5
6211	3
6212	3
6213	4
6214	3
6215	2
6216	1
6217	4
6218	4
6219	1
6220	3
6221	4
6222	2
6223	2
6224	4
6225	5
6226	5
6227	3
6228	3
6229	5
6230	4
6231	5
6232	5
6233	5
6234	3
6235	2
6236	5
6237	1
6238	2
6239	3
6240	2
6241	4
6242	1
6243	2
6244	3
6245	2
6246	3
6247	4
6248	3
6249	1
6250	4
6251	5
6252	2
6253	2
6254	1
6255	4
6256	4
6257	1
6258	1
6259	2
6260	5
6261	2
6262	3
6263	2
6264	1
6265	1
6266	4
6267	4
6268	4
6269	4
6270	5
6271	2
6272	5
6273	1
6274	4
6275	3
6276	2
6277	5
6278	1
6279	4
6280	4
6281	5
6282	3
6283	3
6284	3
6285	5
6286	2
6287	5
6288	3
6289	3
6290	4
6291	3
6292	3
6293	1
6294	4
6295	3
6296	4
6297	1
6298	1
6299	1
6300	3
6301	1
6302	1
6303	4
6304	3
6305	1
6306	1
6307	3
6308	1
6309	3
6310	4
6311	2
6312	5
6313	4
6314	3
6315	4
6316	3
6317	4
6318	4
6319	3
6320	1
6321	3
6322	3
6323	5
6324	4
6325	5
6326	1
6327	4
6328	4
6329	4
6330	4
6331	2
6332	4
6333	5
6334	2
6335	5
6336	4
6337	3
6338	2
6339	4
6340	3
6341	3
6342	2
6343	1
6344	2
6345	3
6346	3
6347	1
6348	5
6349	4
6350	1
6351	2
6352	3
6353	3
6354	3
6355	5
6356	4
6357	2
6358	2
6359	5
6360	5
6361	2
6362	2
6363	3
6364	2
6365	1
6366	2
6367	4
6368	4
6369	1
6370	2
6371	5
6372	2
6373	3
6374	3
6375	3
6376	3
6377	2
6378	2
6379	3
6380	1
6381	5
6382	5
6383	1
6384	5
6385	4
6386	3
6387	4
6388	3
6389	1
6390	1
6391	4
6392	1
6393	5
6394	4
6395	2
6396	4
6397	1
6398	1
6399	2
6400	3
6401	2
6402	1
6403	4
6404	3
6405	4
6406	5
6407	1
6408	3
6409	3
6410	3
6411	4
6412	5
6413	2
6414	2
6415	5
6416	3
6417	4
6418	2
6419	2
6420	1
6421	2
6422	1
6423	4
6424	1
6425	3
6426	4
6427	3
6428	2
6429	5
6430	3
6431	1
6432	3
6433	5
6434	2
6435	5
6436	2
6437	3
6438	2
6439	5
6440	2
6441	3
6442	3
6443	3
6444	4
6445	1
6446	3
6447	1
6448	3
6449	5
6450	2
6451	1
6452	3
6453	4
6454	4
6455	1
6456	2
6457	5
